{"cameraMode":{"drawMode":0,"name":"Shaded","section":"Shading Mode"},"sceneLighting":true,"audioPlay":false,"sceneViewState":{"showFog":true,"showMaterialUpdate":false,"showSkybox":true,"showFlares":true,"showImageEffects":true,"showParticleSystems":true},"in2DMode":false,"pivot":{"x":1.0893073081970215,"y":3.902723550796509,"z":3.414365291595459},"rotation":{"x":-0.057510968297719958,"y":0.9250789880752564,"z":-0.15575942397117616,"w":-0.34156349301338198},"size":10.153989791870118,"orthographic":false}