{"cameraMode":{"drawMode":0,"name":"Shaded","section":"Shading Mode"},"sceneLighting":false,"audioPlay":false,"sceneViewState":{"showFog":true,"showMaterialUpdate":false,"showSkybox":true,"showFlares":true,"showImageEffects":true,"showParticleSystems":true},"in2DMode":false,"pivot":{"x":2.9345412254333498,"y":-6.142124176025391,"z":-11.60112190246582},"rotation":{"x":-0.011957727372646332,"y":0.9720463156700134,"z":-0.22894169390201569,"w":-0.050786733627319339},"size":36.50035095214844,"orthographic":false}