{"cameraMode":{"drawMode":0,"name":"Shaded","section":"Shading Mode"},"sceneLighting":true,"audioPlay":false,"sceneViewState":{"showFog":true,"showMaterialUpdate":true,"showSkybox":true,"showFlares":true,"showImageEffects":true,"showParticleSystems":true},"in2DMode":false,"pivot":{"x":0.9077682495117188,"y":0.7259664535522461,"z":3.806464195251465},"rotation":{"x":0.16482022404670716,"y":-0.44569239020347597,"z":0.0838659480214119,"w":0.8758795857429504},"size":23.69051170349121,"orthographic":false}