{"cameraMode":{"drawMode":0,"name":"Shaded","section":"Shading Mode"},"sceneLighting":true,"audioPlay":false,"sceneViewState":{"showFog":true,"showMaterialUpdate":false,"showSkybox":true,"showFlares":true,"showImageEffects":true,"showParticleSystems":true},"in2DMode":false,"pivot":{"x":7.807271957397461,"y":2.8102588653564455,"z":3.3895158767700197},"rotation":{"x":-0.12829655408859254,"y":0.8317880630493164,"z":-0.21549448370933534,"w":-0.49521276354789736},"size":19.826255798339845,"orthographic":false}